date,B01,B02,B03,B04,B05,B06,B07,B08,B8A,B09,B11,B12,NDVI,NDMI,NDWI,SAVI,EVI,NDRE,mean_clean_fraction
2017-01-31,0.0030499999999999998,0.0076,0.0244,0.0445,0.064,0.0874,0.10255,0.1216,0.12745,0.12869999999999998,0.21605,0.14995,0.46417820562060313,-0.2797275284230038,-0.6657534242015387,0.17362257916624793,0.14475067586777182,0.3103448274189952,1.0
2017-02-28,,,,,,,,,,,,,,,,,,,
2017-03-31,0.027,0.03,0.047337500000000005,0.06395,0.0903125,0.1201875,0.1370625,0.1549,0.1643875,0.1661,0.2484125,0.169075,0.4168241808818194,-0.2330050994765597,-0.5384799731413022,0.18964144559137747,0.17331200579539946,0.26578044155285707,1.0
2017-04-30,0.10155,0.1282,0.141,0.12229999999999999,0.16825,0.3217,0.3682,0.4052,0.38525,0.3729,0.25725,0.17049999999999998,0.5363033174338763,0.22333761035197564,-0.48370560225490555,0.4129927006897332,0.6006369426241499,0.4132008020902954,0.773
2017-05-31,,,,,,,,,,,,,,,,,,,
2017-06-30,0.0316,0.0264,0.046775,0.0308,0.07705,0.23975000000000002,0.29717499999999997,0.29710000000000003,0.322075,0.32155,0.182975,0.08612500000000001,0.8121378466568656,0.2377229625689668,-0.7279531729000913,0.48248580740639135,0.5185367636826002,0.5881327138858492,1.0
2017-07-31,0.0278,0.031175,0.04635,0.031149999999999997,0.07392499999999999,0.2207,0.280875,0.27685,0.303975,0.30242500000000005,0.18885000000000002,0.09257499999999999,0.7977303496019965,0.1889617819683526,-0.7131853280663089,0.4561268628814261,0.49941220262815755,0.578504970857427,1.0
2017-08-31,0.0407,0.041400000000000006,0.053099999999999994,0.035,0.07805000000000001,0.2247,0.2819,0.28485,0.30855,0.30662500000000004,0.19185000000000002,0.0905,0.7811479937446736,0.19509032787060404,-0.6857528484918595,0.4571264335553962,0.5273968137269536,0.5698539541003433,1.0
2017-09-30,,,,,,,,,,,,,,,,,,,
2017-10-31,0.02267,0.025679999999999998,0.03886,0.03003,0.06577,0.15758999999999998,0.18921000000000002,0.20412,0.21507,0.21575000000000003,0.16933,0.08604,0.7452533625214938,0.09448719458799235,-0.6831827203358932,0.35567309017439946,0.36592977510454305,0.5139171143471931,1.0
2017-11-30,,,,,,,,,,,,,,,,,,,
2017-12-31,0.018850000000000002,0.0355,0.04708333333333334,0.06781666666666666,0.08913333333333333,0.11551666666666667,0.13318333333333335,0.1529,0.16211666666666666,0.1626,0.22335000000000002,0.15061666666666665,0.38668383101693565,-0.18679573147095266,-0.531755439165285,0.1771216105455478,0.16444707174292186,0.26534154919038905,0.9403333333333332
2018-01-31,0.003,0.015525,0.029475,0.049725,0.06973750000000001,0.0931375,0.108375,0.12769999999999998,0.134875,0.137175,0.2202,0.15407500000000002,0.4395030193896684,-0.2658749862191196,-0.6250738905789333,0.1726455239570511,0.14890126969707357,0.2934569286755774,1.0
2018-02-28,0.01235,0.022866666666666664,0.03696666666666667,0.05906666666666666,0.08059999999999999,0.10398333333333333,0.11986666666666666,0.13866666666666666,0.14745,0.14964999999999998,0.23211666666666667,0.15974999999999998,0.40269660233412913,-0.2518827642326839,-0.5793209101328851,0.1711346873088022,0.1505796933226014,0.26486830604529393,1.0
2018-03-31,0.017983333333333334,0.024999999999999998,0.03766666666666667,0.055358333333333336,0.073675,0.09390833333333333,0.10819166666666667,0.12576666666666667,0.13151666666666667,0.13554166666666667,0.23689166666666664,0.201825,0.3903954138396954,-0.3062277159541102,-0.5416280157656645,0.1550792936676144,0.13857835755794343,0.2624127619222119,1.0
2018-04-30,0.037764285714285716,0.04365,0.06449285714285714,0.061192857142857146,0.10281428571428572,0.18152142857142858,0.20157142857142857,0.21674285714285713,0.22145714285714285,0.22655,0.22442142857142858,0.16815714285714287,0.5527117235577945,-0.021637982836175764,-0.53628114040836,0.2980702302197455,0.3085984256568303,0.35110231057973135,1.0
2018-05-31,0.029766666666666667,0.032883333333333334,0.0516,0.038775,0.0813,0.22677499999999998,0.27415833333333334,0.28076666666666666,0.29375833333333334,0.2935083333333333,0.19175833333333334,0.11285,0.7576283964670848,0.18919632455599067,-0.6896274977121933,0.44292823974869644,0.47758959589538424,0.5509062936163612,1.0
2018-06-30,0.03395625,0.0357125,0.054125,0.044375,0.08661875,0.224575,0.27321249999999997,0.27395,0.2975625,0.29594375,0.20706249999999998,0.12301875,0.7212310697050419,0.13914154101259768,-0.670072347843965,0.4208209328020216,0.4511421685864467,0.5196324050755116,1.0
2018-07-31,0.039843750000000004,0.040412500000000004,0.05995,0.052825,0.09836249999999999,0.21576875,0.256425,0.25535,0.28264375,0.28185,0.21694375,0.13236875,0.6570503790275679,0.08119610563331897,-0.619689379703414,0.3758439723222103,0.39904043201464323,0.4438801912035049,1.0
2018-08-31,0.03526428571428571,0.038071428571428576,0.05280714285714285,0.04915714285714285,0.08804285714285713,0.19306428571428572,0.23043571428571427,0.23168571428571427,0.25507857142857143,0.2545,0.20890714285714287,0.12510714285714286,0.651271975827466,0.05166334703380339,-0.6296998835454255,0.3506908722597717,0.3675823946374779,0.45066431154637693,1.0
2018-09-30,0.0169,0.02345,0.034125,0.0290125,0.058475,0.1550125,0.18987500000000002,0.195475,0.207225,0.2073625,0.17236249999999997,0.0985375,0.7416699679461637,0.06406230803212089,-0.7029577100778313,0.34463329926700303,0.34862445481015936,0.5399399686680524,1.0
2018-10-31,0.013250000000000001,0.0221,0.03185,0.0297,0.058025,0.1283,0.153,0.1644,0.17125,0.1728,0.15344999999999998,0.0866,0.6939726285615313,0.03445044273507686,-0.6754193413279657,0.29109642094147514,0.2861488461867111,0.4782520107364434,1.0
2018-11-30,0.0177,0.026400000000000003,0.03681428571428571,0.04126428571428571,0.06765714285714285,0.11546428571428571,0.13399285714285716,0.1528857142857143,0.15784285714285715,0.1602142857142857,0.1653642857142857,0.10364285714285715,0.5734923123510723,-0.03919613424064091,-0.6097782242991613,0.24094595631344126,0.23165041690269644,0.3857193002298528,0.9957142857142857
2018-12-31,0.012783333333333334,0.021400000000000002,0.037033333333333335,0.055733333333333336,0.07733333333333332,0.10005000000000001,0.11523333333333334,0.13470000000000001,0.1419,0.14663333333333334,0.20020000000000002,0.13996666666666666,0.4177451514014224,-0.19649039976383495,-0.5781367188154488,0.171383264930948,0.15100014613549867,0.2724487239160675,1.0
2019-01-31,0.000825,0.0169,0.028325000000000003,0.047850000000000004,0.063125,0.083275,0.097025,0.11674999999999999,0.1194,0.12585,0.202675,0.14932499999999999,0.4185956444754425,-0.26899901566888235,-0.6095733606619687,0.1555074121802632,0.13487959577973962,0.2981281798998555,1.0
2019-02-28,0.009375,0.0245,0.036449999999999996,0.057925000000000004,0.075375,0.09525,0.1094,0.1305,0.1325,0.13037500000000002,0.235925,0.177125,0.3851667206815718,-0.28771238971592705,-0.5633420991663769,0.15813269054172305,0.14018613871556518,0.26775969937340305,1.0
2019-03-31,0.0395125,0.0468125,0.06080000000000001,0.076275,0.10189999999999999,0.1299875,0.1457,0.16235,0.168425,0.1726125,0.257425,0.1898,0.3602806798400485,-0.22700337897658887,-0.4564615173678975,0.1746584579940302,0.17007298626507109,0.22855440104097957,1.0
2019-04-30,0.027241666666666668,0.03329166666666667,0.05795,0.04331666666666667,0.0956,0.21456666666666666,0.24506666666666668,0.2596833333333333,0.26509166666666667,0.26685833333333336,0.19524166666666667,0.11275,0.7074260018111266,0.13767499399272076,-0.6299314995086528,0.4023642936415119,0.4251291456345771,0.45673288495146513,0.9813333333333333
2019-05-31,0.0453875,0.0497125,0.0685625,0.04994375,0.10036874999999999,0.2566625,0.307,0.3137375,0.329925,0.3296375,0.21045624999999998,0.11066875,0.7358971832526725,0.20171458314098464,-0.6499234621667206,0.45856500103471187,0.5320476313844908,0.5232950033345996,0.90175
2019-06-30,0.0320625,0.032125,0.05435,0.037275,0.08704999999999999,0.2309,0.277825,0.275025,0.3037625,0.30205,0.1776625,0.0879125,0.7612856829876191,0.215240222946051,-0.6699944822525903,0.43902794785938515,0.47255330845360977,0.519142338643866,1.0
2019-07-31,0.05159375,0.0500625,0.06680625,0.053006250000000005,0.0984625,0.22872499999999998,0.2766875,0.27802499999999997,0.30331874999999997,0.30195,0.2014,0.109,0.6943211208341097,0.1612245290131253,-0.6247024477015171,0.4080659019714473,0.4606145992812655,0.4850816090901091,0.984125
2019-08-31,0.0672625,0.06367500000000001,0.07685,0.06720000000000001,0.1087875,0.2144625,0.2554875,0.2529,0.2845625,0.2836625,0.213675,0.12079999999999999,0.6058274391666628,0.08649310920014891,-0.5576789700394255,0.3429590228620333,0.39386607476524615,0.4160089341446048,0.9455
2019-09-30,0.028315,0.03048,0.043769999999999996,0.035405,0.07128999999999999,0.170195,0.205795,0.21010999999999996,0.231315,0.229535,0.17626999999999998,0.09217,0.7122155168960287,0.08746132073664908,-0.6561854556705049,0.35145675953255684,0.36613518619995356,0.4935166694845653,1.0
2019-10-31,0.017390909090909092,0.02275454545454545,0.03635454545454545,0.03316818181818182,0.06630909090909091,0.14845,0.17813636363636365,0.2004090909090909,0.20609545454545453,0.2067363636363636,0.16265,0.08616363636363636,0.7158480197611742,0.10378598125466774,-0.6929790222622036,0.34182975889090556,0.34056791527600666,0.5025902767044419,0.9987272727272728
2019-11-30,0.013075,0.0228,0.03475,0.03485,0.0677,0.13242500000000001,0.156025,0.18165,0.182675,0.18245,0.15789999999999998,0.086925,0.678060190537512,0.06994558267133123,-0.6788403714233504,0.3073272913587614,0.30088778406098887,0.45698845505786834,1.0
2019-12-31,0.0032166666666666663,0.019141666666666668,0.03153333333333334,0.048475,0.06604166666666667,0.087325,0.10073333333333334,0.12006666666666665,0.123875,0.128475,0.20544166666666666,0.14569166666666666,0.42564725270833065,-0.262620694359129,-0.5856479634755102,0.16061138147781995,0.14119250619483267,0.2916681167666954,0.943
2020-01-31,0.0013375,0.014825,0.0279375,0.0462,0.062975,0.08399999999999999,0.0972375,0.11710000000000001,0.1200375,0.121675,0.2065875,0.14732499999999998,0.4342947721847068,-0.2765153717111322,-0.6151851331808905,0.16033053814942153,0.13819103734428512,0.30061950140032406,1.0
2020-02-29,0.0351625,0.041150000000000006,0.0519875,0.067575,0.087975,0.11069999999999999,0.12488749999999998,0.14300000000000002,0.14981250000000002,0.1512375,0.2388875,0.169475,0.35844378920351827,-0.25041369029407085,-0.4678236274421046,0.15904171060812988,0.15211493787296237,0.23827458859417808,0.99575
2020-03-31,0.032100000000000004,0.037375,0.053375,0.0632375,0.090825,0.123975,0.1392125,0.15687500000000001,0.1629125,0.1647,0.22976249999999998,0.156375,0.42345255374189417,-0.18946689075557455,-0.492051489122386,0.19469470876358325,0.18647050880845878,0.2659073285303681,1.0
2020-04-30,0.024316666666666667,0.028066666666666667,0.04886666666666667,0.02896666666666667,0.07616666666666667,0.22918333333333332,0.2752666666666667,0.28883333333333333,0.2942,0.2944333333333333,0.1568166666666667,0.07636666666666667,0.8147658144838051,0.2953310672453971,-0.7071146756605833,0.474771356413181,0.5172020467639457,0.5789625343030461,0.9993333333333334
2020-05-31,0.06249444444444444,0.059366666666666665,0.08058888888888889,0.06280000000000001,0.11345,0.27508333333333335,0.33013333333333333,0.33290000000000003,0.3515388888888889,0.35685555555555554,0.2111333333333333,0.12308333333333334,0.7421970076043289,0.23947222751876052,-0.6550939654312382,0.4651276622119506,0.5336377175011484,0.5336305199640212,0.9326666666666666
2020-06-30,0.03022142857142857,0.03105714285714286,0.05127857142857143,0.03232857142857143,0.08219285714285715,0.2440642857142857,0.2994928571428571,0.29897142857142855,0.3238785714285714,0.32005,0.18677142857142856,0.09129285714285715,0.8046761015626416,0.23085786371573064,-0.7071226559721101,0.48100958378674813,0.5292564382966961,0.5684884003424079,0.9897142857142857
2020-07-31,0.05160555555555556,0.05070555555555556,0.0680111111111111,0.05199444444444444,0.09766111111111112,0.2316888888888889,0.2806166666666667,0.2782222222222222,0.3053388888888889,0.3098722222222222,0.20151111111111109,0.1071,0.7002541183695288,0.16274434307455524,-0.6198162119553975,0.4114603076323208,0.46570107574985187,0.48908839479941435,0.9388888888888888
2020-08-31,0.033554545454545455,0.03422272727272727,0.05036363636363637,0.0375,0.08073636363636363,0.20382727272727275,0.24855909090909092,0.2515727272727273,0.27649090909090906,0.27495454545454545,0.18882727272727273,0.09556363636363635,0.7409212362481522,0.14295101187697265,-0.6667454421014894,0.4069356729008687,0.4388288804268221,0.5142561548284387,0.9956363636363637
2020-09-30,0.024380000000000002,0.028089999999999997,0.04115,0.029669999999999995,0.06803000000000001,0.17106,0.20817999999999998,0.21556000000000003,0.23315999999999998,0.23257,0.16731000000000001,0.08268,0.7579965866440499,0.12601388110932704,-0.6795177020162622,0.37409762023514737,0.3928582554694963,0.5203149444138543,1.0
2020-10-31,0.020594444444444446,0.025505555555555556,0.04044444444444444,0.035005555555555554,0.07237222222222223,0.15146111111111113,0.17955555555555558,0.19673333333333332,0.20729999999999998,0.21052777777777779,0.16661666666666666,0.08638888888888889,0.6977630498265914,0.08225379910025575,-0.6594617510265581,0.3313025948790582,0.33302062504098073,0.46161190185295925,0.9992222222222222
2020-11-30,0.028522727272727276,0.03465,0.04865909090909091,0.06451363636363637,0.09206818181818183,0.12291363636363636,0.1415909090909091,0.16190000000000002,0.17141363636363638,0.1721318181818182,0.21675454545454545,0.14252272727272727,0.437412907229916,-0.14125535194947825,-0.5439429250100138,0.20134990319964974,0.18915824530628852,0.28151662178524756,1.0
2020-12-31,0.016564285714285715,0.02719285714285714,0.04081428571428571,0.05984285714285714,0.08006428571428571,0.10347857142857143,0.11926428571428571,0.14012857142857144,0.14595714285714287,0.14969285714285713,0.2200214285714286,0.15573571428571428,0.4094807012623685,-0.2233151309650069,-0.5609653999072811,0.17205964377878166,0.1548755938630408,0.2780442536584176,0.9317142857142857
2021-01-31,0.01415,0.027075000000000002,0.038525000000000004,0.0567,0.0756625,0.09805,0.11285,0.13172499999999998,0.13695000000000002,0.139775,0.2173,0.15605000000000002,0.40177308368938947,-0.24495932110534888,-0.5541738781656901,0.163710050860039,0.1477915571840016,0.2731547371604212,1.0
2021-02-28,0.017675,0.031575,0.0431,0.062725,0.08259999999999999,0.104825,0.1203,0.14150000000000001,0.14537499999999998,0.148475,0.24695,0.174375,0.3865355582675219,-0.27149228598078673,-0.5351878750031129,0.16785588272087484,0.1537018504579806,0.2631396796283818,1.0
2021-03-31,0.0273,0.03765,0.051039999999999995,0.07051,0.09319,0.11767000000000001,0.13359000000000001,0.15272000000000002,0.16044,0.16453,0.26353,0.18602,0.36818268791296077,-0.2664735540048192,-0.49938550946042837,0.1704433641274169,0.15885491826899553,0.24226011151566945,1.0
2021-04-30,0.03265,0.03515,0.068,0.0467,0.11405,0.2287,0.2529,0.2697,0.2742,0.275,0.20155,0.1121,0.7048040452892528,0.14461538458469697,-0.5972756883040344,0.4097256246435907,0.4334220908877633,0.40560260575749774,1.0
2021-05-31,0.0321375,0.0329875,0.055025000000000004,0.035025,0.086925,0.238875,0.281775,0.28595,0.3032375,0.3027125,0.18282500000000002,0.09245,0.7818779500505069,0.21997477033972457,-0.6773500842621011,0.4584717089561565,0.5023879661827527,0.5339927183488659,1.0
2021-06-30,0.02795,0.0331,0.0505,0.0329,0.07975,0.22985,0.2842,0.2828,0.307,0.30515000000000003,0.19255,0.094,0.7915742791284213,0.1898601030419985,-0.6969696967605852,0.45954394992527353,0.5071228539707682,0.5600606811308618,1.0
2021-07-31,0.087675,0.083375,0.09733125000000001,0.080875,0.12769375,0.250975,0.29441875,0.2961125,0.32099374999999997,0.34596875,0.22696875,0.13075625,0.6282360152659371,0.14375318755119101,-0.5561798025717746,0.3779378977018288,0.46675066061603,0.43383836560989336,0.87425
2021-08-31,0.027275,0.02970625,0.04634375,0.0333375,0.07663125,0.2019125,0.24666875000000002,0.2494,0.2743875,0.2722375,0.18471875,0.09045,0.7638787412388142,0.14827580477287222,-0.6863611207537872,0.4136375188682149,0.43999469402168767,0.5295703808571826,1.0
2021-09-30,0.057855000000000004,0.062395,0.07522999999999999,0.060715,0.102795,0.206705,0.24305499999999997,0.25501999999999997,0.27359,0.27721,0.20692,0.108805,0.6496548335678913,0.11135576305563137,-0.5759206452027095,0.3596292464806209,0.4244455745618473,0.44689692209472387,0.9213000000000001
2021-10-31,0.016325,0.022699999999999998,0.04035,0.0324625,0.0695375,0.15078750000000002,0.1774,0.19605,0.2054,0.2061625,0.16671249999999999,0.0850375,0.7157844716531816,0.080783461708894,-0.6585126876795719,0.3367889014025949,0.3350829745440394,0.4762037017140427,1.0
2021-11-30,0.039694999999999994,0.051980000000000005,0.06793,0.07807,0.10601500000000001,0.1384,0.1557,0.17538,0.184295,0.185825,0.222715,0.14834,0.4129514887793376,-0.12313026798637164,-0.47635791468558386,0.1954681866495017,0.1940736163747367,0.26225521048501627,1.0
2021-12-31,0.0001,0.013999999999999999,0.02965,0.048225,0.0685,0.093975,0.11035,0.1305,0.13749999999999998,0.13979999999999998,0.2162,0.151075,0.46034782705440513,-0.24718758548218106,-0.6297637266970557,0.18183023297799655,0.15643727827516507,0.31156012363841445,1.0
2022-01-31,0.08205,0.09233333333333332,0.102,0.11325,0.12903333333333333,0.14975000000000002,0.16135,0.17726666666666668,0.18031666666666668,0.18173333333333333,0.23995000000000002,0.20025,0.2651387422467295,-0.16393104586678184,-0.33721856745141743,0.12379852487303626,0.13809982406831808,0.1784264006620404,0.9323333333333333
2022-02-28,0.12541875,0.13450625,0.14160625,0.1540875,0.169325,0.1904625,0.2023625,0.222225,0.22344375,0.22258125,0.29722499999999996,0.26191875,0.18088924281150603,-0.1442907832276586,-0.2213480670539551,0.11656641391795965,0.14967025629223024,0.13494510462083012,1.0
2022-03-31,0.13818333333333335,0.14472500000000002,0.15550416666666667,0.17332083333333334,0.19340000000000002,0.21709166666666668,0.23272083333333335,0.25085833333333335,0.25855833333333333,0.26119166666666666,0.35722499999999996,0.30312916666666667,0.18280087626860567,-0.17484197161549983,-0.23467511761894055,0.1258436103356029,0.16083952343357769,0.12933337335648218,1.0
2022-04-30,0.14245625,0.14995,0.1696125,0.1756875,0.21180000000000002,0.27160625,0.29085625,0.312125,0.3152,0.32143125,0.35035625,0.28534375,0.27856897075164777,-0.05824387031571661,-0.2949016503562724,0.20671544896247132,0.27407333133850853,0.19063876254153828,0.999375
2022-05-31,0.140525,0.14360714285714285,0.16190357142857142,0.1429214285714286,0.1906107142857143,0.35693571428571425,0.4129607142857143,0.4179,0.43564285714285716,0.4334857142857143,0.288725,0.19699642857142857,0.4903685317663693,0.18280172764569838,-0.4415733039042142,0.3888308500452094,0.5736493255094173,0.373562632556848,1.0
2022-06-30,0.1326125,0.13143749999999998,0.153325,0.1373625,0.1868625,0.3544,0.41100000000000003,0.4132,0.437025,0.4346125,0.29435,0.1991125,0.5009842470994667,0.1679767146226533,-0.45869317191898784,0.3938296899725139,0.5509373708889505,0.3771667370467746,1.0
2022-07-31,0.13911923076923077,0.13953461538461537,0.1595423076923077,0.14726153846153844,0.19863076923076922,0.3441384615384615,0.39544230769230765,0.398,0.4252038461538461,0.42244615384615386,0.3114,0.2128653846153846,0.4598612612048611,0.1216309114547008,-0.4279234477678199,0.3595820814217468,0.5083789096836614,0.33416751042371423,0.9994615384615385
2022-08-31,0.13427916666666667,0.13670833333333335,0.1574875,0.14912916666666667,0.20504583333333334,0.338775,0.3859416666666666,0.3880166666666667,0.4195875,0.41651666666666665,0.3176791666666667,0.2156625,0.4442664423644283,0.09932551417355695,-0.42221327954701326,0.3452198163703393,0.4747287214448539,0.3081823341695113,1.0
2022-09-30,0.145165625,0.142115625,0.15868125,0.15411249999999999,0.19508124999999998,0.309815625,0.35221875,0.357215625,0.378609375,0.375790625,0.314984375,0.226475,0.4020406720262001,0.06803047296441901,-0.3867308579725919,0.3025574094045359,0.4210016940023938,0.2972864497265976,0.91775
2022-10-31,0.122435,0.126465,0.14443,0.139675,0.183925,0.285315,0.31762999999999997,0.33721,0.3446,0.347165,0.276895,0.19480999999999998,0.41406166321689664,0.0981248639194549,-0.400129350755007,0.3032512871094214,0.4029205860297241,0.294045150140143,1.0
2022-11-30,0.11306000000000001,0.12287999999999999,0.1424,0.14759,0.18938,0.24796999999999997,0.26947,0.29286,0.29581,0.29515,0.27542,0.20371999999999998,0.3290241661182805,0.030071814184177047,-0.34503249873456937,0.23141326716543506,0.29056432280479483,0.21391886520990364,1.0
2022-12-31,0.14606249999999998,0.15550625,0.16580625,0.18399374999999998,0.20406249999999998,0.22749375,0.24331875,0.2634625,0.26880625,0.27090625,0.34186249999999996,0.27629375,0.1788897244445895,-0.129944287179701,-0.22926924504031637,0.12587867291981017,0.16506455126563102,0.12847677531289342,0.987375
2023-01-31,0.127215,0.13820000000000002,0.14995,0.168625,0.18706499999999998,0.20983999999999997,0.22467,0.24474999999999997,0.24896500000000002,0.250775,0.32048,0.258515,0.18413788740881523,-0.1339930195439062,-0.24017214742832307,0.1250081053611249,0.15602037898878876,0.13357343044974476,1.0
2023-02-28,0.12444,0.13568,0.14342,0.16207,0.18358,0.2082,0.22399,0.24369999999999997,0.24918,0.25055,0.2812,0.22435,0.20156223804468915,-0.06963249480398352,-0.2594922985618667,0.1352840414343378,0.17025342570837226,0.1409817992564344,1.0
2023-03-31,0.13791666666666666,0.14756666666666665,0.1613125,0.177675,0.20525416666666665,0.2403625,0.25706666666666667,0.2784083333333333,0.2832708333333333,0.2841208333333333,0.34443333333333337,0.27148333333333335,0.21949890040140996,-0.10668282371845705,-0.26520816902208416,0.15750224003507304,0.2033722504521885,0.15003372565123524,1.0
2023-04-30,0.1247875,0.125425,0.1531375,0.1313375,0.190825,0.35105,0.3933375,0.4108125,0.4155625,0.41895,0.2733375,0.1873625,0.5154937432189753,0.2009427473797903,-0.45691092362780594,0.4022572908103679,0.5553300728304584,0.36564778309104967,1.0
2023-05-31,0.13215,0.1333,0.1551,0.137,0.18664999999999998,0.3386,0.38665,0.392,0.40765,0.405,0.27675,0.19065,0.48204158781057815,0.17233644857236094,-0.43301041849149874,0.3717201165819514,0.5250154415873984,0.35487773259226174,1.0
2023-06-30,0.13273333333333334,0.13225833333333334,0.15250833333333333,0.138925,0.1845416666666667,0.32769166666666666,0.3755833333333333,0.3814,0.4014583333333333,0.40136666666666665,0.3007416666666667,0.20472500000000002,0.465936376340365,0.11818918253001426,-0.4286275272089362,0.3564380858582635,0.4955334488518899,0.34777147188966234,1.0
2023-07-31,0.13623461538461537,0.13840384615384616,0.15616153846153846,0.14470769230769231,0.1903846153846154,0.3176192307692308,0.36257307692307694,0.36588461538461536,0.3883923076923077,0.3867769230769231,0.31067307692307694,0.21408846153846153,0.4332837279795928,0.08174528512232253,-0.4018771988433865,0.32825782108958695,0.46259571748018513,0.3156135535839067,0.9709230769230769
2023-08-31,0.15407083333333335,0.15553333333333333,0.17318750000000002,0.17007916666666667,0.22209166666666666,0.31974166666666665,0.35555416666666667,0.3598166666666667,0.3871583333333333,0.38985000000000003,0.33797499999999997,0.23425833333333335,0.3658549944192786,0.03340925261394222,-0.3558451892874878,0.27852539762417033,0.39075876433520246,0.2415189214322684,0.9501666666666666
2023-09-30,0.13194,0.13635,0.15499000000000002,0.158045,0.20902500000000002,0.29184,0.32320000000000004,0.33354,0.355705,0.354985,0.321835,0.22157999999999997,0.35686234746969775,0.01751867114947345,-0.3651933573186461,0.2653101210165842,0.3484163151436954,0.22954473656591015,1.0
2023-10-31,0.12453461538461538,0.12871153846153846,0.14439615384615384,0.1442,0.18037692307692307,0.26468846153846154,0.2918307692307692,0.3070076923076923,0.3168153846153846,0.31809230769230773,0.2863076923076923,0.21053076923076922,0.3610273968146277,0.03507622255742452,-0.3602257505598741,0.2566704057791297,0.33724440863592126,0.26013599677507926,0.9956923076923077
2023-11-30,0.11964444444444444,0.12692222222222224,0.1409277777777778,0.1455,0.18247222222222223,0.23716666666666666,0.258,0.27250555555555556,0.2829722222222222,0.28150555555555556,0.27718333333333334,0.2064777777777778,0.30384226323682306,-0.008537329981440057,-0.3182352717659337,0.2075209500815742,0.26598844033425,0.19789606391636885,1.0
2023-12-31,0.12029090909090909,0.13147727272727272,0.14344545454545454,0.16101363636363636,0.1835181818181818,0.20808636363636362,0.22398636363636362,0.24685909090909092,0.24979545454545454,0.24965,0.3028181818181818,0.23787727272727271,0.20997981174344388,-0.1021857907958671,-0.26439927059029783,0.14164873499693068,0.17459884626358246,0.1468965638206714,1.0
2024-01-31,0.12741,0.14045999999999997,0.14781,0.16322,0.18014999999999998,0.20224999999999999,0.21525,0.23435999999999998,0.23737,0.23872999999999997,0.31155999999999995,0.25647,0.1788703642413544,-0.14145973299371944,-0.22635293604108134,0.11884863899145155,0.15323367511357064,0.13072471429428661,1.0
2024-02-29,0.13225833333333334,0.13951666666666665,0.14938333333333334,0.16454166666666667,0.18255,0.2057,0.21900833333333333,0.23756666666666668,0.24149166666666666,0.2429916666666667,0.322725,0.26872500000000005,0.18162113295926172,-0.15184232015798252,-0.2279221493895652,0.12142149358767546,0.1549699430267593,0.1309792834881654,1.0
2024-03-31,0.13939,0.14799,0.16072,0.16774,0.19699,0.24306,0.25968,0.2773,0.28300000000000003,0.28676999999999997,0.33885,0.27371999999999996,0.2445948714078276,-0.10113132098459603,-0.26486901226419624,0.17326809947926725,0.2329891131754443,0.16810528926099097,1.0
2024-04-30,0.13140000000000002,0.1342125,0.1609,0.1465875,0.20108749999999997,0.3123,0.3383,0.35275,0.36043749999999997,0.362375,0.29908749999999995,0.2213875,0.4116345180991071,0.08198905532248565,-0.3723316444038247,0.30894127612881894,0.42101107278361916,0.2726788336173575,1.0
2024-05-31,0.13597499999999998,0.13946666666666666,0.156675,0.13900833333333332,0.18436666666666665,0.33845,0.38924999999999993,0.39553333333333335,0.411875,0.41185,0.29034166666666666,0.19625,0.48034698840699974,0.1534210354944434,-0.4331293812156471,0.3719074139581396,0.5421163032395079,0.36464795156397384,1.0
2024-06-30,0.135275,0.13725625,0.155,0.1382375,0.18445,0.32890625,0.377325,0.3777625,0.40069375,0.39789375,0.30014375,0.20325,0.4641777848988762,0.11465303772913801,-0.4181293999143081,0.3535993047546616,0.508289587896425,0.343959773512103,0.924
2024-07-31,0.133,0.1329,0.15385,0.1405,0.18805,0.3155,0.35645,0.3564,0.381625,0.38244999999999996,0.296825,0.20400000000000001,0.43449531430647204,0.09120136153292917,-0.39696335985333586,0.32485751589984513,0.4488000917457841,0.3092116714825953,1.0
2024-08-31,0.1403,0.1421,0.157,0.1464,0.18857,0.29616000000000003,0.33323,0.3408,0.35895,0.36118,0.30498000000000003,0.20869999999999997,0.39891144321158933,0.05563378095038811,-0.36907284479180413,0.29528673868999267,0.42172213565682337,0.2875283862298251,0.9474
2024-09-30,0.12163571428571429,0.12304285714285713,0.13892857142857143,0.1303857142857143,0.16814285714285715,0.26175714285714285,0.29071428571428576,0.3019785714285715,0.31335714285714283,0.31482142857142853,0.26712142857142857,0.18762142857142858,0.3968407836548962,0.061248139936518134,-0.36979089897312584,0.27604029649023376,0.3693755741165702,0.28468292377313753,0.9848571428571429
2024-10-31,0.1267375,0.13070625,0.14364375000000001,0.13715,0.1733125,0.25545625,0.28296875,0.295025,0.3069125,0.30881875000000003,0.268875,0.18983125,0.36529709730390253,0.04637788919415469,-0.3451602792837109,0.254032096571534,0.34711552307360427,0.2598641221219233,1.0
2024-11-30,0.11370000000000001,0.12153888888888889,0.13684444444444444,0.1387,0.17198888888888889,0.22629444444444444,0.24508888888888888,0.26590555555555556,0.26920555555555553,0.27171666666666666,0.2643333333333333,0.19704444444444447,0.3147678708460544,0.0034796947205797926,-0.32051721527948096,0.21102200953141237,0.2685365993699688,0.2149249192679248,1.0
2024-12-31,0.12210000000000001,0.1322,0.14271,0.15777999999999998,0.17861,0.20140000000000002,0.21532999999999997,0.23439000000000002,0.2391,0.24175,0.29161000000000004,0.23372,0.19526912710343808,-0.1088287251947635,-0.24301910050508074,0.12877194229793792,0.1610510372956118,0.13496430301797405,1.0
2025-01-31,0.13410625,0.14398125,0.1521125,0.1673,0.18458125,0.2058125,0.21848125000000002,0.23645625,0.23890625000000001,0.24183125,0.29838125,0.24398124999999998,0.17150808230494985,-0.11441770704702665,-0.21740986946886692,0.11480890781777173,0.14903223243120797,0.12335334734177626,1.0
2025-02-28,0.1261,0.139025,0.14735,0.16405,0.18059999999999998,0.202375,0.21509999999999999,0.2331,0.23704999999999998,0.24235,0.327175,0.265525,0.17386939575423205,-0.16791048059811983,-0.2253999850449872,0.1154500808319428,0.1469505250477985,0.12690361629567104,1.0
2025-03-31,0.14494583333333336,0.1545875,0.16902916666666667,0.18599166666666667,0.21106250000000001,0.2388875,0.2533958333333333,0.2720875,0.2778083333333333,0.28186666666666665,0.36435833333333334,0.2895666666666667,0.18878243720757368,-0.14538767352692494,-0.23463234791021526,0.13496753666062872,0.17514106688362266,0.1266856716707004,1.0
2025-04-30,0.1382875,0.143175,0.16965,0.16205,0.217525,0.2945,0.3135,0.3303625,0.3369625,0.338425,0.3264125,0.23995,0.34172040190738184,0.005955039750512815,-0.3213854257353132,0.25435541513218235,0.3424887673132726,0.205853201841648,1.0
2025-05-31,0.12601875,0.13066250000000001,0.1520625,0.1327625,0.18223125,0.3417375,0.390325,0.4035125,0.41176250000000003,0.41283749999999997,0.2809125,0.19006875,0.5047885164341199,0.17915087316778688,-0.45252494184055686,0.39186813911210316,0.5547089253950173,0.3776982763808157,1.0
2025-06-30,0.1297388888888889,0.13177222222222224,0.15530555555555556,0.13690555555555556,0.19496666666666668,0.3349,0.3761277777777778,0.37664444444444445,0.4014888888888889,0.4008055555555556,0.29331111111111113,0.19533333333333333,0.46683419390754277,0.12439266790845396,-0.41610873569324164,0.35478818804683804,0.495607116520836,0.3179055749612469,1.0
2025-07-31,0.133825,0.13465,0.1565,0.1416,0.196,0.312925,0.34687500000000004,0.348075,0.3729,0.37607500000000005,0.29235,0.19815,0.42174006081183313,0.087002315139637,-0.37974791854721995,0.31295144420294935,0.43457358858711,0.27983282043165775,0.896
2025-08-31,0.13585,0.13646666666666665,0.1554,0.143,0.19734166666666667,0.30105,0.33289166666666664,0.33724166666666666,0.3624666666666667,0.36275833333333335,0.30624999999999997,0.2054,0.4043263130949813,0.04832973363388351,-0.3690095291046173,0.29715785150982216,0.4144194358400543,0.2618855971478499,0.9736666666666668
2025-09-30,0.1272875,0.128225,0.1443125,0.134525,0.178425,0.2659,0.2925125,0.30200000000000005,0.31775,0.3170625,0.2738,0.1879375,0.38370430234520275,0.04900349052794847,-0.35334905078627876,0.2682482288018285,0.3648845196146137,0.2572122859690407,1.0
2025-10-31,0.12161153846153847,0.126,0.1405076923076923,0.13365384615384615,0.17391153846153845,0.24968076923076923,0.2748076923076923,0.28788846153846154,0.3006307692307692,0.3024423076923077,0.2715384615384615,0.18951153846153845,0.36579968427621085,0.029227417619573377,-0.3440003335143931,0.2509737093199997,0.33679613413448184,0.24691909626415784,1.0
2025-11-30,0.114675,0.1230125,0.138875,0.1438125,0.1818125,0.22823749999999998,0.246675,0.2694875,0.276325,0.2794875,0.2780875,0.2014375,0.3040883064151365,-0.015441788918301232,-0.3198045047984278,0.206411545727008,0.2600590992415627,0.19455242924954114,1.0
2025-12-31,0.122,0.13075714285714285,0.14191428571428572,0.15697857142857144,0.17752142857142858,0.19860714285714284,0.21217142857142854,0.22775714285714285,0.23605714285714288,0.24112857142857141,0.31170000000000003,0.2441642857142857,0.1838834892395906,-0.15558920252094569,-0.23214348371855822,0.11997106600224473,0.1488941312343272,0.12392824407443562,1.0
2026-01-31,0.1254833333333333,0.13493333333333332,0.14564999999999997,0.16206666666666666,0.18106666666666668,0.20176666666666665,0.21495,0.2322,0.23995,0.24396666666666667,0.31516666666666665,0.24695,0.17791513778313353,-0.15153791719940155,-0.22915608411599,0.11764738865647743,0.14700323976746751,0.12378179543734504,1.0
2026-02-28,0.144015,0.15198,0.16208,0.179895,0.20088,0.22161499999999998,0.23468,0.25332,0.258935,0.262275,0.32214,0.25359,0.17193089472772904,-0.11585245010640985,-0.22314048701197522,0.11859872697466975,0.1537507966737631,0.11750117506040439,0.9832000000000001
2026-03-31,0.1401,0.14749375,0.16434375,0.17293125,0.20875625,0.2546125,0.2727375,0.28635625000000003,0.29978125,0.3024125,0.3580625,0.26839999999999997,0.24579693011416126,-0.11179775823953042,-0.26992400662547916,0.17690718834844907,0.23307283299895304,0.15592372993336082,1.0
2026-04-30,0.125575,0.133075,0.16094999999999998,0.136675,0.202225,0.340775,0.375675,0.388,0.3954,0.3968,0.285775,0.19640000000000002,0.4790107373711444,0.1517197359277097,-0.4136077579691938,0.3679093042192094,0.5192735035453706,0.3147527811491738,1.0
2026-05-31,0.12505,0.125625,0.1491,0.12874999999999998,0.19219999999999998,0.35777499999999995,0.40954999999999997,0.424125,0.432975,0.436,0.275825,0.18232500000000001,0.5342529241860332,0.21187234609842276,-0.4797859145752983,0.4208121001811786,0.5886625639483042,0.3763032555902901,1.0
2026-06-30,0.130725,0.13435,0.15616666666666668,0.13721666666666668,0.19401666666666664,0.33981666666666666,0.38671666666666665,0.3878083333333333,0.4136916666666666,0.4115416666666667,0.293025,0.193275,0.47727515441876894,0.1391963762301717,-0.42581343871895677,0.36669644215209324,0.5205830707779703,0.33315106268941475,1.0
2026-07-31,0.13006875,0.1324125,0.15614375,0.138625,0.19933125,0.3323625,0.37399375,0.37435,0.40213125,0.4002625,0.3006125,0.1980375,0.45918147305167006,0.10899740675404171,-0.411028187010663,0.3488917524309792,0.48576689237918635,0.3049132164368785,1.0
